# Medido en Inventor (Ensamblaje.iam) girando la union "De rotacion:5"; theta2 = -(angulo de la union). mm, escala 1:1
theta2_grados,Ax_mm,Ay_mm,Bx_biela_mm,By_biela_mm,Bx_bloque_mm,By_bloque_mm
-1,34.994669330062536,-0.6108342255553012,165.56289000251928,-20.000000025780267,165.56289019153965,-20.000000000536495
-0.5,34.998667307246194,-0.30542874244307683,165.52117058917452,-20.000000000000036,165.52117076429198,-19.999999999999982
0,35.000000000000071,1.7763568394002505E-14,165.47605144240072,-20,165.47605161754666,-20
0.5,34.998667307246123,0.3054287424430413,165.42753513789762,-19.999999999999947,165.42753531307241,-19.999999999999929
1,34.9946693304738,0.61083422530485265,165.37562465960534,-19.999999999999964,165.37562483480968,-19.999999999999964
35,28.67032155011465,20.075175272286572,154.4398740137197,-19.999999999999964,154.43987419180155,-19.999999999999911
35.5,28.494043142471241,20.324603449882783,154.18384526105868,-20.000000000000213,154.18384543919117,-20.000000000000195
36,28.315594803123076,20.572483830236479,153.92560059822358,-20.00000000000016,153.92560077640681,-20.000000000000178
36.5,28.134990121602783,20.818797536296998,153.66516883449549,-19.999999999999964,153.66516901272951,-20
37,27.9522428516551,21.063525810321764,153.40257903305016,-19.999999999999929,153.402579211335,-20.000000000000018
71,11.394885406000554,33.093150145975976,132.24651926991172,-20.000000000000036,132.24651945116861,-20.000000000000018
71.5,11.105662974178045,33.191327932217085,131.91411728432698,-19.999999999999964,131.91411746561221,-20
72,10.815594803122863,33.286978070330413,131.58188963794885,-19.999999999999929,131.58188981926196,-20
72.5,10.524702982649643,33.380093276188049,131.2498687179903,-19.99999999999984,131.24986889933018,-19.999999999999911
73,10.233009665295896,33.470666458706319,130.91808673972864,-19.999999999999911,130.91808692109495,-19.999999999999982
107,-10.233009665295967,33.470666458706191,110.45206740913677,-20.000000000000071,110.4520675905033,-20.000000000000071
107.5,-10.524702982649359,33.38009327618812,110.20046275269117,-19.999999999999947,110.20046293403112,-19.999999999999964
108,-10.815594803123147,33.286978070330626,109.95070003170277,-19.999999999999893,109.95070021301579,-19.999999999999947
108.5,-11.105662974177974,33.191327932217106,109.70279133597096,-19.999999999999982,109.70279151725606,-20
109,-11.39488540600027,33.0931501459761,109.45674845791075,-19.999999999999982,109.45674863916764,-19.999999999999964
143,-27.9522428516551,21.0635258103218,97.498093329739888,-19.999999999999893,97.498093508024581,-19.999999999999893
143.5,-28.134990121602712,20.818797536296998,97.395188591290065,-19.999999999999893,97.395188769523813,-19.999999999999929
144,-28.315594803122934,20.572483830236621,97.294410991977571,-20.000000000000089,97.294411170160586,-20.000000000000089
144.5,-28.494043142471241,20.324603449882979,97.1957589761162,-19.999999999999929,97.195759154248833,-20
145,-28.670321550114721,20.075175272286536,97.099230913490331,-19.999999999999964,97.0992310915723,-19.999999999999947
179,-34.9946693304738,0.61083422530494147,95.38628599865774,-20.000000000000036,95.38628617386216,-20.000000000000053
179.5,-34.998667307245981,0.30542874244307683,95.430200523405517,-19.999999999999929,95.430200698580308,-19.999999999999947
180,-35,-7.1054273576010019E-14,95.476051442400731,-20.000000000000018,95.47605161754646,-20.000000000000018
180.5,-34.998667307246194,-0.3054287424430413,95.523835974682143,-20.000000000000018,95.523836149799592,-19.999999999999964
181,-34.994669330473585,-0.610834225304977,95.573551345774348,-20.000000000000036,95.573551520863589,-20.000000000000018
215,-28.670321550114721,-20.075175272286625,103.32965704336239,-19.999999999999964,103.32965721757823,-19.999999999999982
215.5,-28.49404314247117,-20.324603449882979,103.50555773798725,-19.999999999999982,103.50555791220359,-19.999999999999982
216,-28.315594803123361,-20.572483830236745,103.68316376022115,-20.000000000000107,103.68316393443799,-20.000000000000071
216.5,-28.134990121602854,-20.818797536296927,103.86247034864461,-20,103.86247052286222,-20.000000000000018
217,-27.952242851655313,-21.063525810321515,104.04347265779123,-19.99999999999984,104.04347283200977,-19.99999999999984
251,-11.394885406000554,-33.093150145976026,119.95415120734847,-19.999999999999876,119.95415138196059,-19.999999999999876
251.5,-11.105662974178259,-33.191327932216993,120.23355001030971,-19.999999999999929,120.23355018492779,-20
252,-10.81559480312329,-33.286978070330463,120.5139761767537,-20.000000000000071,120.51397635137761,-20.000000000000036
252.5,-10.524702982649643,-33.380093276187935,120.79541392226517,-19.999999999999911,120.79541409689462,-19.999999999999929
253,-10.233009665295896,-33.4706664587063,121.07784725506036,-19.999999999999964,121.07784742969571,-19.999999999999982
287,10.233009665295683,-33.470666458706248,141.54386658565187,-19.999999999999929,141.54386676028722,-20
287.5,10.524702982649359,-33.380093276187978,141.84481988756417,-19.999999999999911,141.84482006219383,-19.999999999999947
288,10.815594803122934,-33.286978070330484,142.14516578299987,-20.000000000000036,142.14516595762382,-20.000000000000107
288.5,11.105662974178188,-33.191327932217085,142.44487595866616,-20,142.44487613328425,-19.999999999999947
289,11.394885406000483,-33.093150145976281,142.7439220193495,-20.000000000000107,142.74392219396157,-20.000000000000107
323,27.952242851655456,-21.063525810321533,159.94795836110205,-19.999999999999893,159.94795853532068,-19.999999999999929
323.5,28.13499012160257,-20.818797536296767,160.13245059185004,-19.999999999999893,160.13245076606751,-19.999999999999858
324,28.315594803123076,-20.572483830236585,160.31435336646757,-19.999999999999929,160.31435354068421,-20
324.5,28.49404314247117,-20.324603449882961,160.49364402292957,-20.000000000000053,160.49364419714584,-20.000000000000036
325,28.67032155011465,-20.075175272286643,160.67030014359182,-19.99999999999984,160.67030031780774,-19.999999999999876
