t,x,th2
0.00000,154.620,305.016
0.03333,157.883,312.160
0.06667,159.468,317.065
0.40000,155.913,37.692
0.43333,150.662,46.645
0.46667,145.592,52.412
0.50000,138.643,63.065
0.53333,132.733,72.010
0.56667,123.278,83.518
0.66667,106.733,111.480
0.76667,95.294,144.741
0.80000,95.236,151.270
0.83333,94.205,161.407
0.86667,96.028,174.577
0.90000,96.924,184.553
0.93333,98.828,192.423
0.96667,101.116,200.267
1.00000,103.066,212.641
1.03333,108.169,219.720
1.06667,110.327,230.008
1.10000,114.076,239.767
1.13333,116.886,246.066
1.16667,121.835,255.774
1.20000,125.809,262.801
1.23333,127.418,264.408
1.26667,136.404,279.835
1.30000,143.753,293.598
1.33333,146.653,295.483
1.36667,152.169,304.169
1.40000,157.184,311.565
1.73333,157.884,29.071
1.76667,151.314,42.009
1.80000,149.459,46.651
1.83333,142.857,57.314
1.86667,137.638,65.653
1.90000,131.805,73.741
1.93333,124.732,86.663
1.96667,119.852,94.396
2.00000,113.977,105.719
2.03333,109.832,114.057
2.06667,105.896,123.985
2.10000,100.535,135.986
2.13333,99.781,141.993
2.16667,96.408,155.739
2.20000,95.883,164.570
2.23333,96.910,174.870
2.26667,97.372,183.216
2.30000,97.341,192.225
2.33333,100.924,202.492
2.36667,103.708,213.450
2.40000,106.688,220.410
2.43333,113.617,230.182
2.46667,114.238,238.607
2.50000,119.840,247.601
2.53333,120.152,251.718
2.56667,126.361,262.338
2.60000,127.341,263.523
2.63333,136.422,278.038
2.66667,141.665,285.024
2.70000,147.957,294.354
2.73333,150.286,299.436
2.76667,156.646,305.885
2.80000,159.495,315.170
3.13333,156.155,34.727
3.16667,152.591,41.764
3.20000,147.663,49.346
3.23333,141.682,58.433
3.26667,136.240,66.757
3.30000,130.903,75.414
3.33333,123.845,87.365
3.36667,117.843,97.514
3.40000,111.300,108.672
3.43333,106.853,118.867
3.46667,103.030,128.924
3.50000,101.491,137.419
3.53333,96.855,149.545
3.56667,94.555,160.239
3.60000,95.177,167.700
3.63333,97.465,174.480
3.66667,95.960,187.481
3.70000,96.394,195.829
3.73333,99.588,205.182
3.76667,105.859,212.810
3.80000,103.026,219.299
3.83333,112.366,233.820
3.86667,115.536,241.943
3.90000,119.974,251.080
3.93333,122.212,257.578
3.96667,128.901,266.919
4.00000,128.635,267.265
4.03333,139.896,288.135
4.06667,145.021,296.543
4.10000,147.687,298.787
4.13333,152.066,307.983
4.16667,157.521,312.700
4.50000,159.547,30.723
4.53333,152.718,40.553
4.56667,147.660,50.372
4.60000,142.400,57.302
4.63333,137.001,65.648
4.66667,130.370,76.363
4.70000,124.520,86.574
4.73333,120.489,92.278
4.76667,112.528,107.218
4.80000,109.330,114.197
4.83333,105.069,124.658
4.86667,100.042,137.012
4.90000,98.863,146.002
4.93333,95.925,156.647
4.96667,95.052,166.498
5.00000,95.355,176.810
5.03333,96.562,185.083
5.06667,97.090,193.681
5.10000,99.822,202.817
5.13333,103.573,211.706
5.16667,102.482,219.972
5.20000,107.079,233.014
5.23333,110.976,237.892
5.26667,114.783,245.281
5.33333,123.886,261.055
5.36667,127.526,268.884
5.40000,132.469,276.937
5.43333,136.678,283.941
5.46667,145.934,293.254
5.50000,149.231,299.180
5.53333,152.650,305.918
5.56667,157.169,321.506
