cuadro,t_s,theta2_grados_desenrollado,radio_A_mm
1,0.00000,-54.984,35.887
2,0.03333,-47.840,35.862
3,0.06667,-42.935,35.495
4,0.10000,-36.662,35.797
5,0.13333,-29.768,34.272
6,0.16667,-22.194,34.909
7,0.20000,-11.121,34.850
8,0.23333,-4.578,34.282
9,0.26667,3.849,36.272
10,0.30000,11.932,35.862
11,0.33333,22.704,34.109
12,0.36667,28.619,35.633
13,0.40000,37.692,34.802
14,0.43333,46.645,34.211
15,0.46667,52.412,33.067
16,0.50000,63.065,31.785
17,0.53333,72.010,32.020
18,0.56667,83.518,31.888
19,0.60000,93.504,30.575
20,0.63333,105.996,31.473
21,0.66667,111.480,33.812
22,0.70000,112.146,39.094
23,0.73333,120.684,37.626
24,0.76667,144.741,34.149
25,0.80000,151.270,33.032
26,0.83333,161.407,32.746
27,0.86667,174.577,33.648
28,0.90000,184.553,36.824
29,0.93333,192.423,36.064
30,0.96667,200.267,34.698
31,1.00000,212.641,35.443
32,1.03333,219.720,32.218
33,1.06667,230.008,34.653
34,1.10000,239.767,34.221
35,1.13333,246.066,32.930
36,1.16667,255.774,34.113
37,1.20000,262.801,34.448
38,1.23333,264.408,31.613
39,1.26667,279.835,33.497
40,1.30000,293.598,31.036
41,1.33333,295.483,34.865
42,1.36667,304.169,35.176
43,1.40000,311.565,35.658
44,1.43333,318.927,36.047
45,1.46667,325.633,34.578
46,1.50000,336.646,36.243
47,1.53333,339.493,34.857
48,1.56667,352.063,35.116
49,1.60000,364.181,37.614
50,1.63333,366.961,34.287
51,1.66667,376.540,34.753
52,1.70000,385.100,33.883
53,1.73333,389.071,33.845
54,1.76667,402.009,32.042
55,1.80000,406.651,33.751
56,1.83333,417.314,32.857
57,1.86667,425.653,33.277
58,1.90000,433.741,32.087
59,1.93333,446.663,32.309
60,1.96667,454.396,33.455
61,2.00000,465.719,33.850
62,2.03333,474.057,33.751
63,2.06667,483.985,33.880
64,2.10000,495.986,36.411
65,2.13333,501.993,35.929
66,2.16667,515.739,36.218
67,2.20000,524.570,35.527
68,2.23333,534.870,35.713
69,2.26667,543.216,35.809
70,2.30000,552.225,36.647
71,2.33333,562.492,35.460
72,2.36667,573.450,35.207
73,2.40000,580.410,34.190
74,2.43333,590.182,31.150
75,2.46667,598.607,34.680
76,2.50000,607.601,32.779
77,2.53333,611.718,34.468
78,2.56667,622.338,36.671
79,2.60000,623.523,33.774
80,2.63333,638.038,34.377
81,2.66667,645.024,34.269
82,2.70000,654.354,35.421
83,2.73333,659.436,34.033
84,2.76667,665.885,36.295
85,2.80000,675.170,33.631
86,2.83333,682.496,33.841
87,2.86667,691.831,34.701
88,2.90000,700.108,35.806
89,2.93333,705.001,33.717
90,2.96667,712.430,35.454
91,3.00000,720.529,35.733
92,3.03333,730.779,36.165
93,3.06667,738.512,34.669
94,3.10000,746.476,34.868
95,3.13333,754.727,33.798
96,3.16667,761.764,33.785
97,3.20000,769.346,33.443
98,3.23333,778.433,32.838
99,3.26667,786.757,32.656
100,3.30000,795.414,33.616
101,3.33333,807.365,33.443
102,3.36667,817.514,33.654
103,3.40000,828.672,34.963
104,3.43333,838.867,34.291
105,3.46667,848.924,34.146
106,3.50000,857.419,33.984
107,3.53333,869.545,35.949
108,3.56667,880.239,36.494
109,3.60000,887.700,35.730
110,3.63333,894.480,33.278
111,3.66667,907.481,34.962
112,3.70000,915.829,36.470
113,3.73333,925.182,35.873
114,3.76667,932.810,30.830
115,3.80000,939.299,36.432
116,3.83333,953.820,32.022
117,3.86667,961.943,29.961
118,3.90000,971.080,29.155
119,3.93333,977.578,34.020
120,3.96667,986.919,34.473
121,4.00000,987.265,31.273
122,4.03333,1008.135,30.749
123,4.06667,1016.543,30.963
124,4.10000,1018.787,34.312
125,4.13333,1027.983,32.896
126,4.16667,1032.700,35.646
127,4.20000,1039.029,32.914
128,4.23333,1046.376,34.552
129,4.26667,1057.333,35.210
130,4.30000,1061.311,34.864
131,4.33333,1068.716,35.626
132,4.36667,1081.054,35.304
133,4.40000,1090.630,34.881
134,4.43333,1097.418,33.910
135,4.46667,1103.967,35.038
136,4.50000,1110.723,34.878
137,4.53333,1120.553,33.102
138,4.56667,1130.372,34.459
139,4.60000,1137.302,32.734
140,4.63333,1145.648,32.450
141,4.66667,1156.363,31.873
142,4.70000,1166.574,32.750
143,4.73333,1172.278,33.195
144,4.76667,1187.218,32.527
145,4.80000,1194.197,32.884
146,4.83333,1204.658,33.447
147,4.86667,1217.012,35.429
148,4.90000,1226.002,33.789
149,4.93333,1236.647,35.394
150,4.96667,1246.498,35.186
151,5.00000,1256.810,34.414
152,5.03333,1265.083,34.125
153,5.06667,1273.681,35.489
154,5.10000,1282.817,34.757
155,5.13333,1291.706,33.054
156,5.16667,1299.972,33.669
157,5.20000,1313.014,34.901
158,5.23333,1317.892,32.331
159,5.26667,1325.281,32.154
160,5.30000,1335.280,23.182
161,5.33333,1341.055,32.712
162,5.36667,1348.884,33.248
163,5.40000,1356.937,34.032
164,5.43333,1363.941,33.140
165,5.46667,1373.254,34.956
166,5.50000,1379.180,34.099
167,5.53333,1385.918,33.922
168,5.56667,1401.506,32.489
169,5.60000,1401.311,33.830
170,5.63333,1408.239,33.098
171,5.66667,1415.920,33.738
172,5.70000,1429.097,34.496
